<?xml version="1.0"?>
<opencv_storage>
<cascade>
  <stageType>BOOST</stageType>
  <featureType>HAAR</featureType>
  <height>50</height>
  <width>50</width>
  <stageParams>
    <boostType>GAB</boostType>
    <minHitRate>9.9500000476837158e-01</minHitRate>
    <maxFalseAlarm>5.0000000000000000e-01</maxFalseAlarm>
    <weightTrimRate>9.4999998807907104e-01</weightTrimRate>
    <maxDepth>1</maxDepth>
    <maxWeakCount>100</maxWeakCount></stageParams>
  <featureParams>
    <maxCatCount>0</maxCatCount>
    <featSize>1</featSize>
    <mode>BASIC</mode></featureParams>
  <stageNum>7</stageNum>
  <stages>
    <!-- stage 0 -->
    <_>
      <maxWeakCount>8</maxWeakCount>
      <stageThreshold>-9.1299778223037720e-01</stageThreshold>
      <weakClassifiers>
        <_>
          <internalNodes>
            0 -1 9 1.0059748589992523e-01</internalNodes>
          <leafValues>
            -4.0150377154350281e-01 8.1625443696975708e-01</leafValues></_>
        <_>
          <internalNodes>
            0 -1 7 -1.9095720723271370e-02</internalNodes>
          <leafValues>
            6.8561816215515137e-01 -3.3723008632659912e-01</leafValues></_>
        <_>
          <internalNodes>
            0 -1 15 -3.5266473423689604e-03</internalNodes>
          <leafValues>
            3.3064043521881104e-01 -4.4137787818908691e-01</leafValues></_>
        <_>
          <internalNodes>
            0 -1 37 -8.0412261013407260e-05</internalNodes>
          <leafValues>
            -5.6049507856369019e-01 2.3832413554191589e-01</leafValues></_>
        <_>
          <internalNodes>
            0 -1 28 -9.2941569164395332e-05</internalNodes>
          <leafValues>
            -6.4472973346710205e-01 1.8733964860439301e-01</leafValues></_>
        <_>
          <internalNodes>
            0 -1 22 -1.5488366596400738e-02</internalNodes>
          <leafValues>
            6.7687022686004639e-01 -1.8892841041088104e-01</leafValues></_>
        <_>
          <internalNodes>
            0 -1 2 3.2386345992563292e-05</internalNodes>
          <leafValues>
            2.6490041613578796e-01 -4.4409462809562683e-01</leafValues></_>
        <_>
          <internalNodes>
            0 -1 20 1.1585783213376999e-02</internalNodes>
          <leafValues>
            -2.0772098004817963e-01 5.6325083971023560e-01</leafValues></_></weakClassifiers></_>
    <!-- stage 1 -->
    <_>
      <maxWeakCount>10</maxWeakCount>
      <stageThreshold>-1.0474882125854492e+00</stageThreshold>
      <weakClassifiers>
        <_>
          <internalNodes>
            0 -1 21 8.3368837833404541e-02</internalNodes>
          <leafValues>
            -3.7134504318237305e-01 8.2575756311416626e-01</leafValues></_>
        <_>
          <internalNodes>
            0 -1 19 -1.1609467677772045e-02</internalNodes>
          <leafValues>
            6.1229127645492554e-01 -2.7416038513183594e-01</leafValues></_>
        <_>
          <internalNodes>
            0 -1 0 2.7374827186577022e-04</internalNodes>
          <leafValues>
            3.2254427671432495e-01 -5.1798456907272339e-01</leafValues></_>
        <_>
          <internalNodes>
            0 -1 29 8.9774101972579956e-02</internalNodes>
          <leafValues>
            -2.1218453347682953e-01 8.0488789081573486e-01</leafValues></_>
        <_>
          <internalNodes>
            0 -1 31 3.6068689078092575e-02</internalNodes>
          <leafValues>
            -2.7032098174095154e-01 4.9673965573310852e-01</leafValues></_>
        <_>
          <internalNodes>
            0 -1 38 1.2417409379850142e-05</internalNodes>
          <leafValues>
            3.6001387238502502e-01 -3.6197015643119812e-01</leafValues></_>
        <_>
          <internalNodes>
            0 -1 18 1.5148099046200514e-03</internalNodes>
          <leafValues>
            -1.5745639801025391e-01 7.4390631914138794e-01</leafValues></_>
        <_>
          <internalNodes>
            0 -1 34 -5.2406750910449773e-05</internalNodes>
          <leafValues>
            -4.6104153990745544e-01 3.0630958080291748e-01</leafValues></_>
        <_>
          <internalNodes>
            0 -1 14 -2.2269045002758503e-03</internalNodes>
          <leafValues>
            7.4382108449935913e-01 -1.7454554140567780e-01</leafValues></_>
        <_>
          <internalNodes>
            0 -1 39 -4.7980470117181540e-04</internalNodes>
          <leafValues>
            -5.7933980226516724e-01 2.6418578624725342e-01</leafValues></_></weakClassifiers></_>
    <!-- stage 2 -->
    <_>
      <maxWeakCount>7</maxWeakCount>
      <stageThreshold>-1.1492688655853271e+00</stageThreshold>
      <weakClassifiers>
        <_>
          <internalNodes>
            0 -1 23 5.8572251349687576e-02</internalNodes>
          <leafValues>
            -4.4605475664138794e-01 7.3700302839279175e-01</leafValues></_>
        <_>
          <internalNodes>
            0 -1 4 3.7650796002708375e-05</internalNodes>
          <leafValues>
            4.2597788572311401e-01 -4.3491747975349426e-01</leafValues></_>
        <_>
          <internalNodes>
            0 -1 24 -5.6715011596679688e-03</internalNodes>
          <leafValues>
            8.3722919225692749e-01 -2.1389190852642059e-01</leafValues></_>
        <_>
          <internalNodes>
            0 -1 25 6.2393012922257185e-04</internalNodes>
          <leafValues>
            -1.8068708479404449e-01 7.9586362838745117e-01</leafValues></_>
        <_>
          <internalNodes>
            0 -1 13 1.1313165305182338e-04</internalNodes>
          <leafValues>
            4.0892282128334045e-01 -4.0597179532051086e-01</leafValues></_>
        <_>
          <internalNodes>
            0 -1 10 2.5429297238588333e-03</internalNodes>
          <leafValues>
            -2.5169512629508972e-01 7.3896080255508423e-01</leafValues></_>
        <_>
          <internalNodes>
            0 -1 17 2.1300804801285267e-03</internalNodes>
          <leafValues>
            -2.0670668780803680e-01 7.0254611968994141e-01</leafValues></_></weakClassifiers></_>
    <!-- stage 3 -->
    <_>
      <maxWeakCount>7</maxWeakCount>
      <stageThreshold>-1.4975616931915283e+00</stageThreshold>
      <weakClassifiers>
        <_>
          <internalNodes>
            0 -1 12 2.9562523588538170e-02</internalNodes>
          <leafValues>
            -4.1471049189567566e-01 7.4110031127929688e-01</leafValues></_>
        <_>
          <internalNodes>
            0 -1 1 -3.6800033412873745e-03</internalNodes>
          <leafValues>
            9.2969703674316406e-01 -2.4077323079109192e-01</leafValues></_>
        <_>
          <internalNodes>
            0 -1 5 6.4716453198343515e-04</internalNodes>
          <leafValues>
            5.1107382774353027e-01 -4.4993543624877930e-01</leafValues></_>
        <_>
          <internalNodes>
            0 -1 26 -2.2256178781390190e-03</internalNodes>
          <leafValues>
            7.9086565971374512e-01 -3.0814328789710999e-01</leafValues></_>
        <_>
          <internalNodes>
            0 -1 32 1.9546275143511593e-04</internalNodes>
          <leafValues>
            -3.3979487419128418e-01 6.3189941644668579e-01</leafValues></_>
        <_>
          <internalNodes>
            0 -1 30 -4.8054594662971795e-04</internalNodes>
          <leafValues>
            -5.8019691705703735e-01 4.4830331206321716e-01</leafValues></_>
        <_>
          <internalNodes>
            0 -1 11 -5.4898532107472420e-03</internalNodes>
          <leafValues>
            8.3599251508712769e-01 -3.3666053414344788e-01</leafValues></_></weakClassifiers></_>
    <!-- stage 4 -->
    <_>
      <maxWeakCount>4</maxWeakCount>
      <stageThreshold>-9.0265381336212158e-01</stageThreshold>
      <weakClassifiers>
        <_>
          <internalNodes>
            0 -1 16 8.4940157830715179e-03</internalNodes>
          <leafValues>
            -5.4960632324218750e-01 1.</leafValues></_>
        <_>
          <internalNodes>
            0 -1 6 8.9974637376144528e-05</internalNodes>
          <leafValues>
            8.0646401643753052e-01 -4.6343848109245300e-01</leafValues></_>
        <_>
          <internalNodes>
            0 -1 33 -8.6158703197725117e-05</internalNodes>
          <leafValues>
            -6.1718600988388062e-01 6.7451506853103638e-01</leafValues></_>
        <_>
          <internalNodes>
            0 -1 3 7.3006458478630520e-06</internalNodes>
          <leafValues>
            7.9660999774932861e-01 -5.4232555627822876e-01</leafValues></_></weakClassifiers></_>
    <!-- stage 5 -->
    <_>
      <maxWeakCount>3</maxWeakCount>
      <stageThreshold>-4.5919451117515564e-01</stageThreshold>
      <weakClassifiers>
        <_>
          <internalNodes>
            0 -1 8 -1.1694260138028767e-05</internalNodes>
          <leafValues>
            -6.2913906574249268e-01 1.</leafValues></_>
        <_>
          <internalNodes>
            0 -1 35 1.6569176223129034e-03</internalNodes>
          <leafValues>
            8.3086162805557251e-01 -6.2817126512527466e-01</leafValues></_>
        <_>
          <internalNodes>
            0 -1 27 -2.9568313620984554e-03</internalNodes>
          <leafValues>
            -6.6091704368591309e-01 8.6017680168151855e-01</leafValues></_></weakClassifiers></_>
    <!-- stage 6 -->
    <_>
      <maxWeakCount>1</maxWeakCount>
      <stageThreshold>1.</stageThreshold>
      <weakClassifiers>
        <_>
          <internalNodes>
            0 -1 36 -1.7743226140737534e-02</internalNodes>
          <leafValues>
            -9.9594318866729736e-01 1.</leafValues></_></weakClassifiers></_></stages>
  <features>
    <_>
      <rects>
        <_>
          0 0 10 34 -1.</_>
        <_>
          5 0 5 34 2.</_></rects>
      <tilted>0</tilted></_>
    <_>
      <rects>
        <_>
          0 0 12 5 -1.</_>
        <_>
          6 0 6 5 2.</_></rects>
      <tilted>0</tilted></_>
    <_>
      <rects>
        <_>
          0 28 18 8 -1.</_>
        <_>
          9 28 9 8 2.</_></rects>
      <tilted>0</tilted></_>
    <_>
      <rects>
        <_>
          0 34 3 3 -1.</_>
        <_>
          1 34 1 3 3.</_></rects>
      <tilted>0</tilted></_>
    <_>
      <rects>
        <_>
          1 25 4 7 -1.</_>
        <_>
          3 25 2 7 2.</_></rects>
      <tilted>0</tilted></_>
    <_>
      <rects>
        <_>
          3 16 1 21 -1.</_>
        <_>
          3 23 1 7 3.</_></rects>
      <tilted>0</tilted></_>
    <_>
      <rects>
        <_>
          3 16 2 33 -1.</_>
        <_>
          4 16 1 33 2.</_></rects>
      <tilted>0</tilted></_>
    <_>
      <rects>
        <_>
          4 0 35 8 -1.</_>
        <_>
          4 4 35 4 2.</_></rects>
      <tilted>0</tilted></_>
    <_>
      <rects>
        <_>
          4 38 2 3 -1.</_>
        <_>
          4 39 2 1 3.</_></rects>
      <tilted>0</tilted></_>
    <_>
      <rects>
        <_>
          5 7 36 26 -1.</_>
        <_>
          5 20 36 13 2.</_></rects>
      <tilted>0</tilted></_>
    <_>
      <rects>
        <_>
          5 31 20 4 -1.</_>
        <_>
          5 31 10 2 2.</_>
        <_>
          15 33 10 2 2.</_></rects>
      <tilted>0</tilted></_>
    <_>
      <rects>
        <_>
          6 40 24 6 -1.</_>
        <_>
          14 40 8 6 3.</_></rects>
      <tilted>0</tilted></_>
    <_>
      <rects>
        <_>
          10 12 25 14 -1.</_>
        <_>
          10 19 25 7 2.</_></rects>
      <tilted>0</tilted></_>
    <_>
      <rects>
        <_>
          12 0 35 2 -1.</_>
        <_>
          12 1 35 1 2.</_></rects>
      <tilted>0</tilted></_>
    <_>
      <rects>
        <_>
          13 31 20 2 -1.</_>
        <_>
          13 32 20 1 2.</_></rects>
      <tilted>0</tilted></_>
    <_>
      <rects>
        <_>
          15 4 27 12 -1.</_>
        <_>
          24 4 9 12 3.</_></rects>
      <tilted>0</tilted></_>
    <_>
      <rects>
        <_>
          17 12 23 10 -1.</_>
        <_>
          17 17 23 5 2.</_></rects>
      <tilted>0</tilted></_>
    <_>
      <rects>
        <_>
          17 28 6 6 -1.</_>
        <_>
          17 31 6 3 2.</_></rects>
      <tilted>0</tilted></_>
    <_>
      <rects>
        <_>
          17 31 16 2 -1.</_>
        <_>
          17 32 16 1 2.</_></rects>
      <tilted>0</tilted></_>
    <_>
      <rects>
        <_>
          18 0 12 10 -1.</_>
        <_>
          18 5 12 5 2.</_></rects>
      <tilted>0</tilted></_>
    <_>
      <rects>
        <_>
          18 7 12 10 -1.</_>
        <_>
          18 12 12 5 2.</_></rects>
      <tilted>0</tilted></_>
    <_>
      <rects>
        <_>
          18 7 23 26 -1.</_>
        <_>
          18 20 23 13 2.</_></rects>
      <tilted>0</tilted></_>
    <_>
      <rects>
        <_>
          18 8 20 10 -1.</_>
        <_>
          18 13 20 5 2.</_></rects>
      <tilted>0</tilted></_>
    <_>
      <rects>
        <_>
          21 7 19 30 -1.</_>
        <_>
          21 22 19 15 2.</_></rects>
      <tilted>0</tilted></_>
    <_>
      <rects>
        <_>
          22 3 16 4 -1.</_>
        <_>
          22 5 16 2 2.</_></rects>
      <tilted>0</tilted></_>
    <_>
      <rects>
        <_>
          22 34 4 2 -1.</_>
        <_>
          22 35 4 1 2.</_></rects>
      <tilted>0</tilted></_>
    <_>
      <rects>
        <_>
          23 0 3 8 -1.</_>
        <_>
          23 4 3 4 2.</_></rects>
      <tilted>0</tilted></_>
    <_>
      <rects>
        <_>
          23 9 1 33 -1.</_>
        <_>
          23 20 1 11 3.</_></rects>
      <tilted>0</tilted></_>
    <_>
      <rects>
        <_>
          24 46 3 1 -1.</_>
        <_>
          25 46 1 1 3.</_></rects>
      <tilted>0</tilted></_>
    <_>
      <rects>
        <_>
          27 8 17 38 -1.</_>
        <_>
          27 27 17 19 2.</_></rects>
      <tilted>0</tilted></_>
    <_>
      <rects>
        <_>
          29 41 3 8 -1.</_>
        <_>
          30 41 1 8 3.</_></rects>
      <tilted>0</tilted></_>
    <_>
      <rects>
        <_>
          32 14 18 36 -1.</_>
        <_>
          41 14 9 36 2.</_></rects>
      <tilted>0</tilted></_>
    <_>
      <rects>
        <_>
          32 21 13 2 -1.</_>
        <_>
          32 22 13 1 2.</_></rects>
      <tilted>0</tilted></_>
    <_>
      <rects>
        <_>
          34 37 3 1 -1.</_>
        <_>
          35 37 1 1 3.</_></rects>
      <tilted>0</tilted></_>
    <_>
      <rects>
        <_>
          39 4 4 2 -1.</_>
        <_>
          39 4 2 1 2.</_>
        <_>
          41 5 2 1 2.</_></rects>
      <tilted>0</tilted></_>
    <_>
      <rects>
        <_>
          39 5 7 6 -1.</_>
        <_>
          39 7 7 2 3.</_></rects>
      <tilted>0</tilted></_>
    <_>
      <rects>
        <_>
          41 33 8 12 -1.</_>
        <_>
          41 33 4 6 2.</_>
        <_>
          45 39 4 6 2.</_></rects>
      <tilted>0</tilted></_>
    <_>
      <rects>
        <_>
          42 29 8 10 -1.</_>
        <_>
          46 29 4 10 2.</_></rects>
      <tilted>0</tilted></_>
    <_>
      <rects>
        <_>
          46 15 1 14 -1.</_>
        <_>
          46 22 1 7 2.</_></rects>
      <tilted>0</tilted></_>
    <_>
      <rects>
        <_>
          48 21 2 29 -1.</_>
        <_>
          49 21 1 29 2.</_></rects>
      <tilted>0</tilted></_></features></cascade>
</opencv_storage>
