<?xml version="1.0"?>
<opencv_storage>
<stage2>
  <maxWeakCount>7</maxWeakCount>
  <stageThreshold>-1.1492688655853271e+00</stageThreshold>
  <weakClassifiers>
    <_>
      <internalNodes>
        0 -1 2023915 5.8572251349687576e-02</internalNodes>
      <leafValues>
        -4.4605475664138794e-01 7.3700302839279175e-01</leafValues></_>
    <_>
      <internalNodes>
        0 -1 206991 3.7650796002708375e-05</internalNodes>
      <leafValues>
        4.2597788572311401e-01 -4.3491747975349426e-01</leafValues></_>
    <_>
      <internalNodes>
        0 -1 2082093 -5.6715011596679688e-03</internalNodes>
      <leafValues>
        8.3722919225692749e-01 -2.1389190852642059e-01</leafValues></_>
    <_>
      <internalNodes>
        0 -1 2132550 6.2393012922257185e-04</internalNodes>
      <leafValues>
        -1.8068708479404449e-01 7.9586362838745117e-01</leafValues></_>
    <_>
      <internalNodes>
        0 -1 1278491 1.1313165305182338e-04</internalNodes>
      <leafValues>
        4.0892282128334045e-01 -4.0597179532051086e-01</leafValues></_>
    <_>
      <internalNodes>
        0 -1 665822 2.5429297238588333e-03</internalNodes>
      <leafValues>
        -2.5169512629508972e-01 7.3896080255508423e-01</leafValues></_>
    <_>
      <internalNodes>
        0 -1 1767651 2.1300804801285267e-03</internalNodes>
      <leafValues>
        -2.0670668780803680e-01 7.0254611968994141e-01</leafValues></_></weakClassifiers></stage2>
</opencv_storage>
