<?xml version="1.0"?>
<opencv_storage>
<stage1>
  <maxWeakCount>10</maxWeakCount>
  <stageThreshold>-1.0474882125854492e+00</stageThreshold>
  <weakClassifiers>
    <_>
      <internalNodes>
        0 -1 1804626 8.3368837833404541e-02</internalNodes>
      <leafValues>
        -3.7134504318237305e-01 8.2575756311416626e-01</leafValues></_>
    <_>
      <internalNodes>
        0 -1 1784369 -1.1609467677772045e-02</internalNodes>
      <leafValues>
        6.1229127645492554e-01 -2.7416038513183594e-01</leafValues></_>
    <_>
      <internalNodes>
        0 -1 796 2.7374827186577022e-04</internalNodes>
      <leafValues>
        3.2254427671432495e-01 -5.1798456907272339e-01</leafValues></_>
    <_>
      <internalNodes>
        0 -1 2399081 8.9774101972579956e-02</internalNodes>
      <leafValues>
        -2.1218453347682953e-01 8.0488789081573486e-01</leafValues></_>
    <_>
      <internalNodes>
        0 -1 2651004 3.6068689078092575e-02</internalNodes>
      <leafValues>
        -2.7032098174095154e-01 4.9673965573310852e-01</leafValues></_>
    <_>
      <internalNodes>
        0 -1 3009015 1.2417409379850142e-05</internalNodes>
      <leafValues>
        3.6001387238502502e-01 -3.6197015643119812e-01</leafValues></_>
    <_>
      <internalNodes>
        0 -1 1772010 1.5148099046200514e-03</internalNodes>
      <leafValues>
        -1.5745639801025391e-01 7.4390631914138794e-01</leafValues></_>
    <_>
      <internalNodes>
        0 -1 2880585 -5.2406750910449773e-05</internalNodes>
      <leafValues>
        -4.6104153990745544e-01 3.0630958080291748e-01</leafValues></_>
    <_>
      <internalNodes>
        0 -1 1441705 -2.2269045002758503e-03</internalNodes>
      <leafValues>
        7.4382108449935913e-01 -1.7454554140567780e-01</leafValues></_>
    <_>
      <internalNodes>
        0 -1 3022472 -4.7980470117181540e-04</internalNodes>
      <leafValues>
        -5.7933980226516724e-01 2.6418578624725342e-01</leafValues></_></weakClassifiers></stage1>
</opencv_storage>
