<?xml version="1.0"?>
<opencv_storage>
<stage0>
  <maxWeakCount>8</maxWeakCount>
  <stageThreshold>-9.1299778223037720e-01</stageThreshold>
  <weakClassifiers>
    <_>
      <internalNodes>
        0 -1 604681 1.0059748589992523e-01</internalNodes>
      <leafValues>
        -4.0150377154350281e-01 8.1625443696975708e-01</leafValues></_>
    <_>
      <internalNodes>
        0 -1 467002 -1.9095720723271370e-02</internalNodes>
      <leafValues>
        6.8561816215515137e-01 -3.3723008632659912e-01</leafValues></_>
    <_>
      <internalNodes>
        0 -1 1554045 -3.5266473423689604e-03</internalNodes>
      <leafValues>
        3.3064043521881104e-01 -4.4137787818908691e-01</leafValues></_>
    <_>
      <internalNodes>
        0 -1 2961080 -8.0412261013407260e-05</internalNodes>
      <leafValues>
        -5.6049507856369019e-01 2.3832413554191589e-01</leafValues></_>
    <_>
      <internalNodes>
        0 -1 2264734 -9.2941569164395332e-05</internalNodes>
      <leafValues>
        -6.4472973346710205e-01 1.8733964860439301e-01</leafValues></_>
    <_>
      <internalNodes>
        0 -1 1807053 -1.5488366596400738e-02</internalNodes>
      <leafValues>
        6.7687022686004639e-01 -1.8892841041088104e-01</leafValues></_>
    <_>
      <internalNodes>
        0 -1 96871 3.2386345992563292e-05</internalNodes>
      <leafValues>
        2.6490041613578796e-01 -4.4409462809562683e-01</leafValues></_>
    <_>
      <internalNodes>
        0 -1 1803914 1.1585783213376999e-02</internalNodes>
      <leafValues>
        -2.0772098004817963e-01 5.6325083971023560e-01</leafValues></_></weakClassifiers></stage0>
</opencv_storage>
