<?xml version="1.0"?>
<opencv_storage>
<stage4>
  <maxWeakCount>4</maxWeakCount>
  <stageThreshold>-9.0265381336212158e-01</stageThreshold>
  <weakClassifiers>
    <_>
      <internalNodes>
        0 -1 1739178 8.4940157830715179e-03</internalNodes>
      <leafValues>
        -5.4960632324218750e-01 1.</leafValues></_>
    <_>
      <internalNodes>
        0 -1 411607 8.9974637376144528e-05</internalNodes>
      <leafValues>
        8.0646401643753052e-01 -4.6343848109245300e-01</leafValues></_>
    <_>
      <internalNodes>
        0 -1 2747185 -8.6158703197725117e-05</internalNodes>
      <leafValues>
        -6.1718600988388062e-01 6.7451506853103638e-01</leafValues></_>
    <_>
      <internalNodes>
        0 -1 107186 7.3006458478630520e-06</internalNodes>
      <leafValues>
        7.9660999774932861e-01 -5.4232555627822876e-01</leafValues></_></weakClassifiers></stage4>
</opencv_storage>
