<?xml version="1.0"?>
<opencv_storage>
<stage3>
  <maxWeakCount>7</maxWeakCount>
  <stageThreshold>-1.4975616931915283e+00</stageThreshold>
  <weakClassifiers>
    <_>
      <internalNodes>
        0 -1 1129027 2.9562523588538170e-02</internalNodes>
      <leafValues>
        -4.1471049189567566e-01 7.4110031127929688e-01</leafValues></_>
    <_>
      <internalNodes>
        0 -1 850 -3.6800033412873745e-03</internalNodes>
      <leafValues>
        9.2969703674316406e-01 -2.4077323079109192e-01</leafValues></_>
    <_>
      <internalNodes>
        0 -1 411531 6.4716453198343515e-04</internalNodes>
      <leafValues>
        5.1107382774353027e-01 -4.4993543624877930e-01</leafValues></_>
    <_>
      <internalNodes>
        0 -1 2139674 -2.2256178781390190e-03</internalNodes>
      <leafValues>
        7.9086565971374512e-01 -3.0814328789710999e-01</leafValues></_>
    <_>
      <internalNodes>
        0 -1 2658763 1.9546275143511593e-04</internalNodes>
      <leafValues>
        -3.3979487419128418e-01 6.3189941644668579e-01</leafValues></_>
    <_>
      <internalNodes>
        0 -1 2535909 -4.8054594662971795e-04</internalNodes>
      <leafValues>
        -5.8019691705703735e-01 4.4830331206321716e-01</leafValues></_>
    <_>
      <internalNodes>
        0 -1 781947 -5.4898532107472420e-03</internalNodes>
      <leafValues>
        8.3599251508712769e-01 -3.3666053414344788e-01</leafValues></_></weakClassifiers></stage3>
</opencv_storage>
