<?xml version="1.0"?>
<opencv_storage>
<stage5>
  <maxWeakCount>3</maxWeakCount>
  <stageThreshold>-4.5919451117515564e-01</stageThreshold>
  <weakClassifiers>
    <_>
      <internalNodes>
        0 -1 567053 -1.1694260138028767e-05</internalNodes>
      <leafValues>
        -6.2913906574249268e-01 1.</leafValues></_>
    <_>
      <internalNodes>
        0 -1 2882024 1.6569176223129034e-03</internalNodes>
      <leafValues>
        8.3086162805557251e-01 -6.2817126512527466e-01</leafValues></_>
    <_>
      <internalNodes>
        0 -1 2160332 -2.9568313620984554e-03</internalNodes>
      <leafValues>
        -6.6091704368591309e-01 8.6017680168151855e-01</leafValues></_></weakClassifiers></stage5>
</opencv_storage>
